distrito,tipo_via,nombre_via,profesion,toponimo,categoria
1,calle peatonal,ABADÍA SANTA ANA,santa,santas y religiosas,mujer real
9,calle,ACTRIZ AMELIA DE LA TORRE,artes escénicas,antropónimo,mujer real
6,calle,ACTRIZ LA TIRANA,artes escénicas,hipocorísticos apodos o pseudónimos,mujer real
10,calle,ACTRIZ RAFAELA APARICIO,artes escénicas,hipocorísticos apodos o pseudónimos,mujer real
1,calle,ACTRIZ ROSARIO PINO,artes escénicas,antropónimo,mujer real
3,calle,ACTRIZ ROSARIO PINO,artes escénicas,antropónimo,mujer real
1,calle,ADELA QUIGUISOLA,esposa/madre/ hija de,antropónimo,mujer real
10,calle,AFRODITA,diosa griega,teónimos y mitología,mujer ficticia
6,calle sin salida,AGATHA CHRISTIE,artes literarias,hipocorísticos apodos o pseudónimos,mujer real
9,calle,AIDA,personaje de la ópera de giusseppe verdi,personaje de ficción,mujer ficticia
10,calle,ALDONZA LORENZO,personaje de el quijote,personaje de ficción,mujer ficticia
11,calle,ALICIA ALONSO,artes escénicas,hipocorísticos apodos o pseudónimos,mujer real
7,avenida,ALICIA DE LARROCHA,artes escénicas,antropónimo,mujer real
10,calle,ALTISIDORA,personaje de el quijote,personaje de ficción,mujer ficticia
7,calle peatonal,AMALIA HEREDIA,nobleza,antropónimo,mujer real
10,calle,AMAZONA,diosa griega,teónimos y mitología,mujer ficticia
1,calle peatonal,ANA BERNAL,madre de,antropónimo,mujer real
9,calle peatonal con escaleras,ANA CARO,artes literarias,antropónimo,mujer real
10,calle sin salida,ANA LEÓN,artes literarias,antropónimo,mujer real
4,calle sin salida,ANA SOLO DE ZALDÍVAR,educación,antropónimo,mujer real
1,calle,ANCHA DEL CARMEN,institución religiosa,advocación mariana o insti. religiosas,mujer ficticia
11,calle,ANDRÓMEDA,diosa griega,teónimos y mitología,mujer ficticia
4,plaza,ÁNGELES,institución religiosa,advocación mariana o insti. religiosas,mujer ficticia
8,calle,ÁNGELES RUBIO- ARGUELLES,artes escénicas,antropónimo,mujer real
1,calle,ANGOSTA DEL CARMEN,institución religiosa,advocación mariana o insti. religiosas,mujer ficticia
2,calle,ANGUSTIAS,virgen,advocación mariana o insti. religiosas,mujer ficticia
5,calle semi peatonal,ANITA ADAMUZ,artes escénicas,antropónimo,mujer real
2,calle,ANITA DELGADO,artes escénicas,antropónimo,mujer real
11,calle,ANTÍGONA,diosa griega,teónimos y mitología,mujer ficticia
4,pasaje,ARANZAZU,patrona de guipúzcoa,advocación mariana o insti. religiosas,mujer ficticia
1,calle,ARCO DE LA CABEZA,nuestra señora de la cabeza,advocación mariana o insti. religiosas,mujer ficticia
6,calle,ARGENTEA,religiosa,santas y religiosas,mujer real
1,calle,ARMELINA,protagonista de la comedia escrita por lope de rueda,personaje de ficción,mujer ficticia
11,parque peatonal,ARQUITECTA MARÍA EUGENIA CANDAU,artes visuales,antropónimo,mujer real
1,avenida,ARROYO DE LOS ÁNGELES,institución religiosa,advocación mariana o insti. religiosas,mujer ficticia
4,avenida,ARROYO DE LOS ÁNGELES,institución religiosa,advocación mariana o insti. religiosas,mujer ficticia
5,avenida,ARROYO DE LOS ÁNGELES,institución religiosa,advocación mariana o insti. religiosas,mujer ficticia
10,calle,ARTEMISA,diosa griega,teónimos y mitología,mujer ficticia
8,avenida,ASUNCIÓN,virgen,advocación mariana o insti. religiosas,mujer ficticia
1,plaza,AURORA,institución religiosa,advocación mariana o insti. religiosas,mujer ficticia
10,calle peatonal,AURORA REDONDO,artes escénicas,antropónimo,mujer real
2,calle,BAILAORA CARMEN AMAYA,artes escénicas,antropónimo,mujer real
4,calle sin salida,BAILARINA ISADORA DUNCAN,artes escénicas,antropónimo,mujer real
3,calle,BALBINA VALVERDE,artes escénicas,antropónimo,mujer real
1,calle,BEATAS,,,gremio mujeres
4,pasaje,BEGOÑA,virgen,advocación mariana o insti. religiosas,mujer ficticia
9,pasaje,BELISARDAS,personaje de el quijote,personaje de ficción,mujer ficticia
8,pasaje,BERNARDA ALBA,"personaje de la obra de federico garcía lorca, la casa de bernarda alba",personaje de ficción,mujer ficticia
3,plaza,BONIFACIA RODRÍGUEZ CASTRO,religiosa,santas y religiosas,mujer real
4,calle sin salida,BRIANDA DE ACUÑA,esposa de,antropónimo,mujer real
2,calle,CALIPSO,ninfa griega,teónimos y mitología,mujer ficticia
11,calle,CALIXTO Y MELIBEA,"melibea, personaje femenino de la obra la celestina de fernando rojas",personaje de ficción,mujer ficticia
8,camino,CARMELITAS,,,gremio mujeres
8,pasaje,CARMELITAS,,,gremio mujeres
1,calle,CARMELITAS,,,gremio mujeres
7,calle,CARMEN DE BURGOS,artes literarias,antropónimo,mujer real
8,calle,CARMEN KURTZ,artes literarias,hipocorísticos apodos o pseudónimos,mujer real
6,calle sin salida,CARMEN LAFFON,artes visuales / pintora,antropónimo,mujer real
11,calle,CARMEN LAFORET,artes literarias,antropónimo,mujer real
2,calle,CARMEN LÓPEZ FERNÁNDEZ,vecina del barrio,antropónimo,mujer real
1,plaza,CARMEN OLMEDO,política,antropónimo,mujer real
1,plaza peatonal,CARMEN THYSSEN- BORNEMISZA,artes plásticas,antropónimo,mujer real
2,plaza peatonal,CARMENCITA LA COMADRONA,matrona,hipocorísticos apodos o pseudónimos,mujer real
6,calle,CARTUCHERITA,personaje de la obra de arturo reyes,personaje de ficción,mujer ficticia
2,calle,CASILDA,personaje de el quijote,personaje de ficción,mujer ficticia
11,pasaje,CERAMISTAS AMPARO Y CARLOS RUIZ DE LUNA,artes visuales / ceramista,antropónimo,mujer real
9,calle,CERES,diosa romana,teónimos y mitología,mujer ficticia
3,avenida,CIBELES,diosa romana,teónimos y mitología,mujer ficticia
4,calle,CIPRÉS DE LA SULTANA,esposa de,hipocorísticos apodos o pseudónimos,mujer real
6,calle,CIRCE,diosa griega,teónimos y mitología,mujer ficticia
10,pasaje,CLARA CAMPOAMOR,artes literarias,antropónimo,mujer real
2,calle,CLARA DE VIEDMA,personaje de el quijote,personaje de ficción,mujer ficticia
8,calle,CLARA SCHUMANN,artes escénicas,antropónimo,mujer real
1,calle,COMPÁS DE LA VICTORIA,virgen,advocación mariana o insti. religiosas,mujer ficticia
4,calle,CONCEPCIÓN,virgen,advocación mariana o insti. religiosas,mujer ficticia
8,calle,CONCEPCIÓN ARENAL,artes literarias,antropónimo,mujer real
3,calle sin salida,CONCHA CONSTÁN,artes escénicas,antropónimo,mujer real
7,calle peatonal,CONCHA ESPINA,artes literarias,antropónimo,mujer real
7,calle,CONCHA LAGOS,artes literarias,antropónimo,mujer real
6,pasaje peatonal,CONCHA PIQUER,artes escénicas,antropónimo,mujer real
4,calle peatonal sin salida,CONCHITA SUPERVÍA,artes escénicas,antropónimo,mujer real
4,calle,CONJUNTO VILLA MARÍA,,,mujer desconocida
7,carril,CORDOBESA,,,mujer desconocida
1,calle peatonal,CORONADO (Antonia Coronado),esposa de,patronímico,mujer real
9,camino,CORTIJO SANTA AGUEDA,santa,santas y religiosas,mujer real
5,pasaje,COVADONGA,virgen,advocación mariana o insti. religiosas,mujer ficticia
1,calle,CRISTINA,personaje de el quijote,personaje de ficción,mujer ficticia
9,calle,CRISTOBALINA FERNÁNDEZ,artes literarias,antropónimo,mujer real
2,callejón,DE CARLOTA,,,mujer desconocida
4,pasaje,DE DUEÑA,,,mujer desconocida
1,puente,DE LA AURORA,institución religiosa,advocación mariana o insti. religiosas,mujer ficticia
3,puente,DE LA CONCEPCIÓN,,,mujer desconocida
1,puente,DE LA ESPERANZA,institución religiosa,advocación mariana o insti. religiosas,mujer ficticia
4,avenida,DE LAS MUSAS,diosa griega,teónimos y mitología,mujer ficticia
6,pasaje peatonal,DÉBORA,personaje bíblico,santas y religiosas,mujer real
1,puente,DEL CARMEN,institución religiosa,advocación mariana o insti. religiosas,mujer ficticia
10,calle,DIANA,diosa romana,teónimos y mitología,mujer ficticia
1,calle,DIVINA PASTORA,patrona de los deportistas,advocación mariana o insti. religiosas,mujer ficticia
3,calle,DOLORES CASINI,,,mujer desconocida
6,pasaje,DOLORES CEREZO,,,mujer desconocida
3,calle,DOLORES CORTÉS,artes escénicas,antropónimo,mujer real
7,calle,DOLORES IBARRURI,política,antropónimo,mujer real
8,calle sin salida,DOLORES MEDIO,artes literarias,antropónimo,mujer real
8,calle,DOLORES PONCE DE LEÓN,artes literarias,antropónimo,mujer real
11,avenida,DOLORES RODRÍGUEZ DE ARAGÓN,artes escénicas,antropónimo,mujer real
8,calle,DOÑA CLARINES,"personaje principal de la obra del mismo título, original de los hermanos álvarez quintero",personaje de ficción,mujer ficticia
2,calle,DOÑA DE TOLOSA,personaje de el quijote,personaje de ficción,mujer ficticia
1,calle,DOÑA ENRIQUETA (Enriqueta Aponte),esposa de,antropónimo,mujer real
7,calle,DOÑA MARÍA MANRIQUE,madre de,antropónimo,mujer real
1,plaza,DOÑA TRINIDAD,esposa de,antropónimo,mujer real
2,calle,DOROTEA,personaje de el quijote,personaje de ficción,mujer ficticia
1,calle,DOS HERMANAS,,,mujer desconocida
6,calle,DULCE CHACÓN,artes literarias,antropónimo,mujer real
2,calle,DULCINEA DEL TOBOSO,personaje de el quijote,personaje de ficción,mujer ficticia
1,calle,DUQUESA DE PARCENT,nobleza,hipocorísticos apodos o pseudónimos,mujer real
1,pasaje peatonal,ELENA LEÓN GAITÁN,vecina del barrio,antropónimo,mujer real
6,calle,ELENA SORIANO,artes literarias,antropónimo,mujer real
8,calle,ELISA ROSAS,artes escénicas,antropónimo,mujer real
2,calle,EMERENCIA,personaje de el quijote,personaje de ficción,mujer ficticia
3,calle,ENCARNACIÓN CABELLO “LA TRINITARIA”,artes escénicas,antropónimo,mujer real
4,calle sin salida,ENCARNACIÓN FONTIVEROS,esposa/madre/ hija de,antropónimo,mujer real
8,calle sin rótulo,ENRIQUETA LA REPOMPA,artes escénicas,hipocorísticos apodos o pseudónimos,mujer real
10,calle,ESCRITORA ANA MARÍA MATUTE,artes literarias,antropónimo,mujer real
10,calle,ESCRITORA BARES HERRERA (Rafaela),artes literarias,patronímico,mujer real
10,calle,ESCRITORA BEATRIZ GALINDO,artes literarias,antropónimo,mujer real
8,calle sin salida,ESCRITORA BLANCA DE LOS RÍOS,artes literarias,antropónimo,mujer real
8,calle,ESCRITORA CARMEN BRAVO-VILLASANTE,artes literarias,antropónimo,mujer real
11,calle,ESCRITORA CARMEN CONDE,artes literarias,antropónimo,mujer real
9,calle,ESCRITORA CARMEN MARTÍN GAITE,artes literarias,antropónimo,mujer real
8,calle sin salida,ESCRITORA CAROLINA CORONADO,artes literarias,antropónimo,mujer real
9,calle,ESCRITORA DOLORES GÓMEZ DE CÁDIZ,artes literarias,antropónimo,mujer real
8,calle,ESCRITORA ELENA FORTÚN,artes literarias,hipocorísticos apodos o pseudónimos,mujer real
8,calle,ESCRITORA ELENA QUIROGA,artes literarias,antropónimo,mujer real
2,calle sin salida,ESCRITORA FUSTER GALLARDO,artes literarias,patronímico,mujer real
2,calle,ESCRITORA GÁLVEZ CABRERA,artes literarias,patronímico,mujer real
2,calle,ESCRITORA GARCÍA DE FECIEYRI,artes literarias,patronímico,mujer real
9,calle,ESCRITORA GERTRUDIS GÓMEZ DE AVELLANEDA,artes literarias,antropónimo,mujer real
11,calle,ESCRITORA JOSEFINA ALDECOA,artes literarias,hipocorísticos apodos o pseudónimos,mujer real
5,calle peatonal,ESCRITORA LUCIANA NARVÁEZ,artes literarias,antropónimo,mujer real
8,calle sin salida,ESCRITORA MARGARITA DURAS,artes literarias,hipocorísticos apodos o pseudónimos,mujer real
10,calle,ESCRITORA MATILDE DEL NIDO,artes literarias,antropónimo,mujer real
1,plaza peatonal,ESCRITORA ROSA CHACEL,artes literarias,antropónimo,mujer real
8,calle sin salida,ESCRITORA SILVINA OCAMPO,artes literarias,antropónimo,mujer real
8,calle,ESCRITORA ZENOBIA CAMPRUBI,artes literarias,antropónimo,mujer real
9,calle peatonal con escaleras,ESTER,personaje bíblico,santas y religiosas,mujer real
1,calle,EUFEMIA,nombre y personaje de una obra de lope de rueda,personaje de ficción,mujer ficticia
7,calle,EVA,"nombre de la primera mujer, esposa de adán",teónimos y mitología,mujer ficticia
1,avenida,FÁTIMA,virgen,advocación mariana o insti. religiosas,mujer ficticia
2,calle peatonal,FEDERICA MONTSENY,política,antropónimo,mujer real
8,calle,FEDORA,"princesa rusa, personaje principal de la ópera con música de humberto giordano",personaje de ficción,mujer ficticia
9,calle,FEDRA,diosa griega,teónimos y mitología,mujer ficticia
2,calle,FERNÁN CABALLERO,artes literarias,hipocorísticos apodos o pseudónimos,mujer real
6,calle,FERNÁNDEZ ALARCÓN (Cristobalina),artes literarias,patronímico,mujer real
10,calle,FORTUNATA Y JACINTA,personajes de la obra de benito pérez galdós,personaje de ficción,mujer ficticia
11,pasaje sin salida,FRIDA KAHLO,artes visuales / pintora,antropónimo,mujer real
8,calle sin salida,FUENSANTA MORENO,artes escénicas,antropónimo,mujer real
8,calle,FUENTE DE LA REINA,,,mujer desconocida
7,calle peatonal,GABRIELA MISTRAL,artes literarias,hipocorísticos apodos o pseudónimos,mujer real
1,calle,GALATEA,una de las nereidas,teónimos y mitología,mujer ficticia
6,calle,GEA,diosa griega,teónimos y mitología,mujer ficticia
1,calle,GOLETERA,personaje de la obras de arturo reyes,personaje de ficción,mujer ficticia
9,calle,GOYESCAS,,,gremio mujeres
3,calle,GUADALUPE,virgen,advocación mariana o insti. religiosas,mujer ficticia
7,jardín peatonal seco,HERMANA SABINA,religiosa,santas y religiosas,mujer real
8,calle,HERMANAS BRONTE,artes literarias,patronímico,mujer real
6,calle,HERMANAS LORENCES ZORRILLA,beneficiencia,patronímico,mujer real
8,calle,HESPÉRIDES,ninfa griega,teónimos y mitología,mujer ficticia
9,calle peatonal con escaleras,HISTORIADORA CARMEN LLORCA,artes literarias,antropónimo,mujer real
1,calle,HUERTO DE MONJAS,,,gremio mujeres
4,calle,IFIGENIA,princesa griega,teónimos y mitología,mujer ficticia
7,avenida,IMPERIO ARGENTINA,artes escénicas,hipocorísticos apodos o pseudónimos,mujer real
2,calle peatonal escaleras,INÉS SUÁREZ,conquistadora,antropónimo,mujer real
8,glorieta,INGENIERA BLANCA HERMANA,ciencias,antropónimo,mujer real
8,plaza,INMACULADA,virgen,advocación mariana o insti. religiosas,mujer ficticia
8,calle,ISABEL BARRETO,navegante,antropónimo,mujer real
3,calle,ISABEL CHAIX,artes literarias,antropónimo,mujer real
8,calle,ISABEL COLBRAN,artes escénicas,antropónimo,mujer real
8,calle,ISABEL DALVO,beneficiencia,antropónimo,mujer real
1,calle peatonal,ISABEL LA CATÓLICA,nobleza,antropónimo,mujer real
4,calle,ISABEL OYARZABAL,luchadora feminista,antropónimo,mujer real
8,calle,ISIS,diosa egipcia,teónimos y mitología,mujer ficticia
6,calle,ISOLDA,mujer mitológica,teónimos y mitología,mujer ficticia
5,avenida,JANE BOWLES,artes literarias,antropónimo,mujer real
9,calle,JARDINERA,,,gremio mujeres
8,calle,JOAQUINA MORO,artes escénicas,antropónimo,mujer real
4,calle,JOSEFA DE LOS RÍOS,madre de,antropónimo,mujer real
2,calle sin salida,JOSEFA DEL RÍO PEÑA,empresaria,antropónimo,mujer real
8,calle,JOSEFA MORALES,artes escénicas,antropónimo,mujer real
11,calle,JUANA CASTRO,artes literarias,antropónimo,mujer real
7,calle,JUANA JUGÁN,religiosa,santas y religiosas,mujer real
4,calle,JUANITA REINA,artes escénicas,antropónimo,mujer real
9,calle,JUDIT,personaje bíblico,santas y religiosas,mujer real
4,calle peatonal,LA ARGENTINITA,artes escénicas,hipocorísticos apodos o pseudónimos,mujer real
11,pasaje,LA CAÑETA DE MÁLAGA,artes escénicas,hipocorísticos apodos o pseudónimos,mujer real
7,calle,LA CARAMBA,artes escénicas,hipocorísticos apodos o pseudónimos,mujer real
9,calle,LA CELESTINA,figura principal calixto y melibea,personaje de ficción,mujer ficticia
9,calle,LA CENICIENTA,personaje del cuento de charles perrault,personaje de ficción,mujer ficticia
8,calle,LA GIOCONDA,monna lisa de leonardo da vinci,personaje de ficción,mujer ficticia
8,calle,LA GITANILLA,personaje novela de miguel de cervantes saavedra.,personaje de ficción,mujer ficticia
3,pasaje peatonal,LA JIMENA DE COÍN,artes escénicas,hipocorísticos apodos o pseudónimos,mujer real
1,calle sin salida,LA MARIANA,artes escénicas,hipocorísticos apodos o pseudónimos,mujer real
6,calle peatonal sin salida,LA NIÑA DE ANTEQUERA,artes escénicas,hipocorísticos apodos o pseudónimos,mujer real
2,calle peatonal,LA NIÑA DE LA PUEBLA,artes escénicas,hipocorísticos apodos o pseudónimos,mujer real
1,plaza,LA PAULA,artes escénicas,hipocorísticos apodos o pseudónimos,mujer real
1,calle,LA REGENTE,nobleza,hipocorísticos apodos o pseudónimos,mujer real
7,calle,LA SILLITA DE LA REINA,,,mujer desconocida
9,calle,LA TíA TULA,título y personaje de la novela escrita por unamuno,personaje de ficción,mujer ficticia
1,pasaje peatonal,LA TRINI,artes escénicas,hipocorísticos apodos o pseudónimos,mujer real
3,calle,LAS COSARIAS,,,gremio mujeres
11,pasaje,LAS FAENERAS,,,gremio mujeres
9,calle,LAS MELLIZAS,,,mujer desconocida
9,pasaje,LAS MELLIZAS,,,mujer desconocida
2,camino,LAS TRES MARÍAS,,,mujer desconocida
10,calle,LEANDRA,personaje de el quijote,personaje de ficción,mujer ficticia
6,calle,LEDA,diosa griega,teónimos y mitología,mujer ficticia
10,calle,LEONORA,personaje de el quijote,personaje de ficción,mujer ficticia
7,calle,LEXICÓGRAFA MARÍA MOLINER,artes literarias,antropónimo,mujer real
7,calle,LILI ÁLVAREZ,deporte,hipocorísticos apodos o pseudónimos,mujer real
9,calle peatonal sin rótulo,LISE MEITNER,ciencias,antropónimo,mujer real
10,calle,LOLA CABELLO,artes escénicas,antropónimo,mujer real
8,plaza,LOLA FLORES,artes escénicas,antropónimo,mujer real
3,calle,LORENZA CORREA,artes escénicas,antropónimo,mujer real
1,glorieta,LOURDES MARTÍN CASARES,artes visuales,antropónimo,mujer real
7,calle sin salida,LUCÍA VAN DULKEN,esposa de,antropónimo,mujer real
10,calle,LUCRECIA,personaje de el quijote,personaje de ficción,mujer ficticia
8,calle,LUISA SENE,artes escénicas,antropónimo,mujer real
10,calle,LUSCINDA,personaje de el quijote,personaje de ficción,mujer ficticia
7,calle sin rótulo,M CARMEN BAREA COBOS,deporte,antropónimo,mujer real
4,calle,MACARENA,virgen,advocación mariana o insti. religiosas,mujer ficticia
9,calle,MADAME BOVARY,personaje de la novela de gustave flaubert,personaje de ficción,mujer ficticia
8,calle sin salida,MADRE ASUNCIÓN SOLER,religiosa,santas y religiosas,mujer real
1,calle,MADRE DE DIOS,institución religiosa,advocación mariana o insti. religiosas,mujer ficticia
1,jardín,MADRE PETRA DE SAN JOSÉ,religiosa,santas y religiosas,mujer real
7,calle,MADRE SALESA,religiosa,santas y religiosas,mujer real
6,calle,MADRE TERESA DE CALCUTA,religiosa,santas y religiosas,mujer real
2,jardines peatonal,MAESTRA LOLA ROMERO,educación,antropónimo,mujer real
7,jardín peatonal,MAESTRA MARI CARMEN RAMÍREZ,educación,antropónimo,mujer real
1,calle,MALASAÑA,hija de,patronímico,mujer real
9,calle,MALVALOCA,personaje de la obra de los hermanos álvarez quintero,personaje de ficción,mujer ficticia
6,calle,MANUELA NOGALES,,,mujer desconocida
6,pasaje,MANUELA NOGALES,,,mujer desconocida
9,calle,MARGARITA SALAS,ciencias,antropónimo,mujer real
11,calle peatonal,MARGARITA XIRGU,artes escénicas,antropónimo,mujer real
6,calle sin salida,MARI PEPA ESTRADA SEGALERVA,artes visuales,antropónimo,mujer real
9,calle,MARI SANCHA,personaje de el quijote,personaje de ficción,mujer ficticia
2,calle,MARI ZEA,,,mujer desconocida
8,pasaje,MARI-GAILA,"personaje de la obra divinas palabras, de ramón maría del valle inclán",personaje de ficción,mujer ficticia
1,calle sin salida,MARÍA (María Gordon Salamanca),hija de,antropónimo,mujer real
5,paseo semi peatonal sin rótulo,MARÍA ÁNGELES ARROYO CASTRO,educación,antropónimo,mujer real
11,calle,MARÍA BARRIENTOS,artes escénicas,antropónimo,mujer real
2,calle peatonal con escaleras,MARÍA CALLAS,artes escénicas,antropónimo,mujer real
11,calle,MARÍA CASARES,artes escénicas,antropónimo,mujer real
9,calle,MARÍA CURIE,ciencias,antropónimo,mujer real
11,calle,MARÍA DE LA CRUZ,artes literarias,antropónimo,mujer real
2,calle,MARÍA DE MOLINA,nobleza,antropónimo,mujer real
8,avenida,MARÍA DE ORUETA,hija de,antropónimo,mujer real
3,calle,MARÍA DE ZAYAS Y SOTOMAYOR,artes literarias,antropónimo,mujer real
4,plaza sin rótulo,MARÍA DEL CARMEN CABRERA BUSTAMANTE,vecina del barrio,antropónimo,mujer real
1,plaza,MARÍA GUERRERO,artes escénicas,antropónimo,mujer real
10,calle,MARÍA JOSÉ,,,mujer desconocida
9,camino,MARÍA LA CORDOBESA,beneficiencia,hipocorísticos apodos o pseudónimos,mujer real
1,calle peatonal,MARÍA LA FARAONA,artes escénicas,hipocorísticos apodos o pseudónimos,mujer real
4,calle,MARÍA LUISA,,,mujer desconocida
9,calle sin salida,MARÍA MALIBRÁN,artes escénicas,hipocorísticos apodos o pseudónimos,mujer real
8,calle,MARÍA MARTÍNEZ SIERRA,artes literarias,hipocorísticos apodos o pseudónimos,mujer real
6,plaza,MARÍA SANTÍSIMA DE DOLORES Y ESPERANZA,institución religiosa,advocación mariana o insti. religiosas,mujer ficticia
5,calle sin salida,MARÍA TERESA LEÓN,artes literarias,antropónimo,mujer real
3,calle,MARÍA TUBAU,artes escénicas,antropónimo,mujer real
10,avenida,MARÍA VICTORIA ATENCIA,artes literarias,antropónimo,mujer real
11,avenida,MARÍA VICTORIA ATENCIA,artes literarias,antropónimo,mujer real
7,calle,MARÍA VILLANUEVA GALLEGO,vecina del barrio,antropónimo,mujer real
6,avenida,MARÍA ZAMBRANO,artes literarias,antropónimo,mujer real
11,avenida,MARÍA ZAMBRANO,artes literarias,antropónimo,mujer real
10,calle,MARIANA PINEDA,heroína,antropónimo,mujer real
9,calle,MARIANELA,título y personaje de la obra de benito pérez galdós,personaje de ficción,mujer ficticia
1,calle,MARIBLANCA,estatua de venus,teónimos y mitología,mujer ficticia
8,calle sin rótulo,MARIFÉ DE TRIANA,artes escénicas,hipocorísticos apodos o pseudónimos,mujer real
7,calle,MARILYN MONROE,artes escénicas,hipocorísticos apodos o pseudónimos,mujer real
2,calle,MARJORIE GRICE- HUTCHINSON,ciencias,antropónimo,mujer real
8,avenida,MARQUESA CASA LORING,nobleza,patronímico,mujer real
3,calle,MARQUESA DE MOCTEZUMA,nobleza,hipocorísticos apodos o pseudónimos,mujer real
1,calle peatonal,MARQUESA DE MOYA,nobleza,hipocorísticos apodos o pseudónimos,mujer real
2,calle,MATILDE PEDRAZO,artes visuales,antropónimo,mujer real
9,calle,MEDEA,diosa griega,teónimos y mitología,mujer ficticia
11,calle,MENCÍA CALDERÓN,conquistadora,antropónimo,mujer real
3,calle,MENDOZA TENORIO,artes escénicas,patronímico,mujer real
10,calle,MERCÉ RODOREDA,artes literarias,antropónimo,mujer real
1,calle,MERCED,institución religiosa,advocación mariana o insti. religiosas,mujer ficticia
1,plaza,MERCED,institución religiosa,advocación mariana o insti. religiosas,mujer ficticia
8,calle,MERCEDES FORMICA,artes literarias,antropónimo,mujer real
11,calle,MERCEDES LLOPART,artes escénicas,antropónimo,mujer real
7,calle,MILAGROSA,virgen,advocación mariana o insti. religiosas,mujer ficticia
4,avenida,MIRAFLORES DE LOS ÁNGELES,institución religiosa,advocación mariana o insti. religiosas,mujer ficticia
8,avenida,MONTSERRAT CABALLE,artes escénicas,antropónimo,mujer real
5,calle,MONTSERRAT ROIG,artes literarias,antropónimo,mujer real
4,calle,MORAIMA,"mujer boabdil, libro de martinez de la rosa",personaje de ficción,mujer ficticia
1,calle,MURO DE LAS CATALINAS,institución religiosa,advocación mariana o insti. religiosas,mujer ficticia
4,calle,NATALIA,,,mujer desconocida
9,calle,NEREIDA,diosa griega,teónimos y mitología,mujer ficticia
3,calle,NINFAS DE HENARES,personaje de el quijote,personaje de ficción,mujer ficticia
8,plaza,NIÑA DE LOS PEINES,artes escénicas,hipocorísticos apodos o pseudónimos,mujer real
1,plaza,NUESTRA SEÑORA DE LA SOLEDAD,virgen,advocación mariana o insti. religiosas,mujer ficticia
2,pasaje,NUESTRA SEÑORA DE LA VICTORIA,virgen,advocación mariana o insti. religiosas,mujer ficticia
7,calle,NUESTRA SEÑORA DE LAS CANDELAS,virgen,advocación mariana o insti. religiosas,mujer ficticia
3,avenida,NUESTRA SEÑORA DE LAS GUÍAS,virgen,advocación mariana o insti. religiosas,mujer ficticia
4,calle,NUESTRA SEÑORA DE LOS CLARINES,nombre de un navío,personaje de ficción,mujer ficticia
1,pasaje,NUESTRA SEÑORA DE LOS DOLORES DE SAN JUAN,virgen,advocación mariana o insti. religiosas,mujer ficticia
4,calle,NUESTRA SEÑORA DE TISCAR,virgen,advocación mariana o insti. religiosas,mujer ficticia
6,plaza,NUESTRA SEÑORA DEL CARMEN,virgen,advocación mariana o insti. religiosas,mujer ficticia
2,pasaje,NUESTRA SEÑORA DEL PILAR,virgen,advocación mariana o insti. religiosas,mujer ficticia
2,plaza,NUESTRA SEÑORA DEL ROSARIO,patrona de el palo,advocación mariana o insti. religiosas,mujer ficticia
1,calle peatonal,PARDO BAZÁN,artes literarias,patronímico,mujer real
1,calle,PASTORA,,,gremio mujeres
3,calle,PASTORA IMPERIO,artes escénicas,hipocorísticos apodos o pseudónimos,mujer real
9,calle,PEDAGOGA MARÍA MONTESSORI,educación,antropónimo,mujer real
9,calle,PENÉLOPE,diosa griega,teónimos y mitología,mujer ficticia
3,calle,PEPA FLORES MARISOL,artes escénicas,hipocorísticos apodos o pseudónimos,mujer real
7,calle,PEPITA BARRIENTO,artes literarias,hipocorísticos apodos o pseudónimos,mujer real
11,avenida sin salida,PEPITA DURÁN,artes escénicas,antropónimo,mujer real
2,calle,PEPITA JIMÉNEZ,protagonista de la obra de juan valera,personaje de ficción,mujer ficticia
7,calle,PILAR LORENGAR,artes escénicas,hipocorísticos apodos o pseudónimos,mujer real
7,bulevar,PILAR MIRÓ,artes escénicas,antropónimo,mujer real
10,calle,PINTORA MARÍA BLANCHARD,artes visuales,antropónimo,mujer real
9,calle peatonal y sin salida,PINTORA MARUJA MALLO,artes plásticas,hipocorísticos apodos o pseudónimos,mujer real
2,calle,PLAYA VIRGINIA,,,mujer desconocida
11,calle peatonal,POETA ALFONSINA STORNI,artes literarias,antropónimo,mujer real
2,calle,POETA AUREA GALINDO,artes literarias,antropónimo,mujer real
11,calle,POETA AURORA DE ALBORNOZ,artes literarias,antropónimo,mujer real
1,calle,POETA CONCHA MÉNDEZ,artes literarias,antropónimo,mujer real
8,calle,POETA EDELMIRA GUERRERO,artes literarias,antropónimo,mujer real
10,calle sin asfaltar y sin rótulo,POETA GLORIA FUERTES,artes literarias,antropónimo,mujer real
10,calle,POETA MARÍA CARLOTA RODRÍGUEZ,artes literarias,antropónimo,mujer real
1,pasaje peatonal,POETA SAFO DE LESBOS,artes literarias,antropónimo,mujer real
11,calle peatonal,POETISA ALFONSINA DOMÍNGUEZ,artes literarias,antropónimo,mujer real
5,calle,POETISA AURORA CÁNOVAS,artes literarias,antropónimo,mujer real
5,calle peatonal,POETISA CATALINA LARRIPA DE RODRÍGUEZ,artes literarias,antropónimo,mujer real
5,calle,POETISA JUANA LUNA,artes literarias,antropónimo,mujer real
8,calle,PORTALES DE LAS CARMELITAS,,,gremio mujeres
7,calle,PRINCESA,,,mujer desconocida
2,calle,PRINCESA IRENE,nobleza,antropónimo,mujer real
7,calle,PRINCESA POLIXENA,religiosa,santas y religiosas,mujer real
3,calle,PURA GUTIÉRREZ,empresaria,antropónimo,mujer real
1,calle,PURIFICACIÓN,esposa de,antropónimo,mujer real
4,avenida,PURÍSIMA,institución religiosa,advocación mariana o insti. religiosas,mujer ficticia
9,calle,QUINTAÑONA,personaje de el quijote,personaje de ficción,mujer ficticia
3,calle,QUITERIA,virgen,advocación mariana o insti. religiosas,mujer ficticia
4,calle,RAFAELA,artes literarias,antropónimo,mujer real
2,calle peatonal con escaleras,RAGUNDA,religiosa,santas y religiosas,mujer real
1,calle,RAMPA DE LA AURORA,institución religiosa,advocación mariana o insti. religiosas,mujer ficticia
6,calle peatonal sin salida,REBECA,personaje bíblico,santas y religiosas,mujer real
2,calle,REINA FABIOLA,nobleza,antropónimo,mujer real
2,calle,REINA JULIANA,nobleza,antropónimo,mujer real
1,plaza peatonal,RELIGIOSA FILIPENSE DOLORES MÁRQUEZ,religiosa,santas y religiosas,mujer real
9,calle,REMEDIOS,,,mujer desconocida
8,calle,REMEDIOS VARO,artes visuales,antropónimo,mujer real
8,calle,RIGOBERTA MENCHÚ,nobel de la paz,antropónimo,mujer real
1,calle peatonal,RITA LUNA,artes escénicas,antropónimo,mujer real
2,calle,ROCÍO,virgen,advocación mariana o insti. religiosas,mujer ficticia
10,avenida,ROCÍO JURADO,artes escénicas,antropónimo,mujer real
8,calle,ROMEO Y JULIETA,personaje femenino de la tragedia escrita por shakespeare,personaje de ficción,mujer ficticia
4,calle,RONDA CARLOTA,,,mujer desconocida
4,calle,ROSA,,,mujer desconocida
10,calle,ROSA GARCÍA ASCOT,artes escénicas,antropónimo,mujer real
4,calle,ROSA MARÍA,,,mujer desconocida
8,calle sin rótulo,ROSA SABATER,artes escénicas,antropónimo,mujer real
4,calle,ROSALIA,,,mujer desconocida
2,calle,ROSALÍA DE CASTRO,artes literarias,antropónimo,mujer real
9,calle,ROSALIND FRANKLIN,ciencias,antropónimo,mujer real
6,calle,ROSAMUNDA,nobleza,antropónimo,mujer real
6,calle peatonal con escaleras,ROSARIO GIL MONTES,artes literarias,antropónimo,mujer real
1,calle sin salida,ROSARITO,artes visuales,hipocorísticos apodos o pseudónimos,mujer real
4,calle,ROSAURA,,,mujer desconocida
4,calle,ROSITA,,,mujer desconocida
9,calle peatonal con escaleras,RUT,personaje bíblico,santas y religiosas,mujer real
1,calle semi peatonal,SANCHA DE LARA,nobleza,antropónimo,mujer real
7,calle,SANTA ÁGUEDA,santa,santas y religiosas,mujer real
9,camino sin asfaltar,SANTA ÁGUEDA,santa,santas y religiosas,mujer real
8,plaza,SANTA ÁNGELA DE LA CRUZ,santa,santas y religiosas,mujer real
7,glorieta,SANTA BÁRBARA,santa,santas y religiosas,mujer real
2,callejón,SANTA CATALINA,santa,santas y religiosas,mujer real
4,calle peatonal,SANTA CLARA,santa,santas y religiosas,mujer real
1,calle,SANTA CRISTINA,santa,santas y religiosas,mujer real
6,calle,SANTA ELENA,santa,santas y religiosas,mujer real
2,calle,SANTA GEMA,santa,santas y religiosas,mujer real
9,camino,SANTA INÉS,santa,santas y religiosas,mujer real
1,pasillo peatonal,SANTA ISABEL,santa,santas y religiosas,mujer real
7,pasaje peatonal sin salida,SANTA ISABEL,santa,santas y religiosas,mujer real
7,calle sin rótulo,SANTA JUSTA,santa,santas y religiosas,mujer real
1,calle peatonal,SANTA LEOCADIA,santa,santas y religiosas,mujer real
1,calle peatonal,SANTA LUCÍA,santa,santas y religiosas,mujer real
1,plaza,SANTA MARÍA,santa,santas y religiosas,mujer real
1,calle peatonal,SANTA MARÍA,santa,santas y religiosas,mujer real
6,jardín,SANTA MARÍA GORETTI,santa,santas y religiosas,mujer real
1,calle,SANTA MARÍA MICAELA,santa,santas y religiosas,mujer real
6,calle,SANTA MARTA,santa,santas y religiosas,mujer real
7,calle,SANTA MATILDE,santa,santas y religiosas,mujer real
2,camino,SANTA PAULA,santa,santas y religiosas,mujer real
3,calle,SANTA PAULA,santa,santas y religiosas,mujer real
6,carril,SANTA ROSA,santa,santas y religiosas,mujer real
6,avenida,SANTA ROSA DE LIMA,santa,santas y religiosas,mujer real
7,calle sin rótulo,SANTA RUFINA,santa,santas y religiosas,mujer real
6,calle,SANTA TERESA,santa,santas y religiosas,mujer real
4,calle,SARA,personaje bíblico,santas y religiosas,mujer real
4,pasaje sin salida,SARA,personaje bíblico,santas y religiosas,mujer real
10,calle,SELENITA,diosa griega,teónimos y mitología,mujer ficticia
2,calle,SEÑORA,,,mujer desconocida
2,calle,SIRENA,ser fabuloso marino,teónimos y mitología,mujer ficticia
3,calle,SOR JUANA INÉS DE LA CRUZ,religiosa y artes literarias,santas y religiosas,mujer real
2,calle,SOR LUCILA,"título de la obra de ortega munilla,",personaje de ficción,mujer ficticia
7,avenida cortada por un parque,SOR TERESA PRAT,religiosa,santas y religiosas,mujer real
2,calle,SUCESO LUENGO,educación,antropónimo,mujer real
7,calle semi peatonal,TERESA AZPIAZU Y PAUL,política y educación,antropónimo,mujer real
8,calle sin rótulo,TERESA BERGANZA,artes escénicas,antropónimo,mujer real
8,calle,TERESA BLASCO,educación,antropónimo,mujer real
8,calle sin rótulo,TERESA CARREÑO,artes escénicas,antropónimo,mujer real
4,calle,TRES HERMANAS,,,mujer desconocida
1,calle peatonal,TRINIDAD GRUND,esposa de,antropónimo,mujer real
3,calle,URGANDA,personaje de el quijote,personaje de ficción,mujer ficticia
1,calle,VICTORIA,institución religiosa,advocación mariana o insti. religiosas,mujer ficticia
1,plaza,VICTORIA,institución religiosa,advocación mariana o insti. religiosas,mujer ficticia
8,calle,VICTORIA DE LOS ÁNGELES,artes escénicas,antropónimo,mujer real
4,calle sin salida,VICTORIA KENT,artes literarias,antropónimo,mujer real
4,parque,VICTORIA KENT,artes literarias,antropónimo,mujer real
7,calle peatonal con acceso de escaleras,VICTORIA MÉRIDA Y PIRET,artes literarias,antropónimo,mujer real
8,avenida,VILLA ROSA,,,mujer desconocida
8,pasaje,VILLA ROSA,,,mujer desconocida
11,pasaje sin salida sin rótulo,VIOLETA FRIEDMAN,artes literarias,antropónimo,mujer real
2,callejón,VIRGEN,virgen,advocación mariana o insti. religiosas,mujer ficticia
6,calle,VIRGEN BIEN APARECIDA,virgen,advocación mariana o insti. religiosas,mujer ficticia
7,pasaje,VIRGEN DE ÁFRICA,virgen,advocación mariana o insti. religiosas,mujer ficticia
11,parque,VIRGEN DE ARACELI,virgen,advocación mariana o insti. religiosas,mujer ficticia
6,calle,VIRGEN DE BEGOÑA,virgen,advocación mariana o insti. religiosas,mujer ficticia
7,avenida,VIRGEN DE BELÉN,virgen,advocación mariana o insti. religiosas,mujer ficticia
7,pasaje,VIRGEN DE BELÉN,virgen,advocación mariana o insti. religiosas,mujer ficticia
6,calle,VIRGEN DE COVADONGA,virgen,advocación mariana o insti. religiosas,mujer ficticia
9,calle,VIRGEN DE FÁTIMA,virgen,advocación mariana o insti. religiosas,mujer ficticia
9,callejón,VIRGEN DE FÁTIMA,virgen,advocación mariana o insti. religiosas,mujer ficticia
6,calle,VIRGEN DE FLORES,virgen,advocación mariana o insti. religiosas,mujer ficticia
1,calle,VIRGEN DE GRACIA,virgen,advocación mariana o insti. religiosas,mujer ficticia
6,calle,VIRGEN DE LA CABEZA,virgen,advocación mariana o insti. religiosas,mujer ficticia
6,calle,VIRGEN DE LA CANDELARIA,virgen,advocación mariana o insti. religiosas,mujer ficticia
6,calle,VIRGEN DE LA CARIDAD,virgen,advocación mariana o insti. religiosas,mujer ficticia
1,plazuela,VIRGEN DE LA CONCEPCIÓN,virgen,advocación mariana o insti. religiosas,mujer ficticia
6,calle,VIRGEN DE LA CONSOLACIÓN,virgen,advocación mariana o insti. religiosas,mujer ficticia
6,calle,VIRGEN DE LA ESPERANZA,virgen,advocación mariana o insti. religiosas,mujer ficticia
6,calle,VIRGEN DE LA ESTRELLA,virgen,advocación mariana o insti. religiosas,mujer ficticia
6,calle,VIRGEN DE LA FUENSANTA,virgen,advocación mariana o insti. religiosas,mujer ficticia
6,calle,VIRGEN DE LA PALMA,virgen,advocación mariana o insti. religiosas,mujer ficticia
6,calle,VIRGEN DE LA PALOMA,virgen,advocación mariana o insti. religiosas,mujer ficticia
6,calle,VIRGEN DE LA PAZ,virgen,advocación mariana o insti. religiosas,mujer ficticia
6,calle,VIRGEN DE LA PIEDAD,virgen,advocación mariana o insti. religiosas,mujer ficticia
6,calle,VIRGEN DE LA SALUD,virgen,advocación mariana o insti. religiosas,mujer ficticia
6,calle,VIRGEN DE LA SERVITA,virgen,advocación mariana o insti. religiosas,mujer ficticia
3,calle,VIRGEN DE LA SIERRA,virgen,advocación mariana o insti. religiosas,mujer ficticia
6,calle,VIRGEN DE LA SOLEDAD,virgen,advocación mariana o insti. religiosas,mujer ficticia
10,parque,VIRGEN DE LAS CAÑAS,virgen,advocación mariana o insti. religiosas,mujer ficticia
6,calle,VIRGEN DE LAS LÁGRIMAS,virgen,advocación mariana o insti. religiosas,mujer ficticia
6,calle,VIRGEN DE LAS NIEVES,virgen,advocación mariana o insti. religiosas,mujer ficticia
1,plazuela,VIRGEN DE LAS PENAS,virgen,advocación mariana o insti. religiosas,mujer ficticia
6,calle,VIRGEN DE LOS DOLORES,virgen,advocación mariana o insti. religiosas,mujer ficticia
6,calle,VIRGEN DE LOS REMEDIOS,virgen,advocación mariana o insti. religiosas,mujer ficticia
6,calle,VIRGEN DEL AMOR,virgen,advocación mariana o insti. religiosas,mujer ficticia
6,calle,VIRGEN DEL AMPARO,virgen,advocación mariana o insti. religiosas,mujer ficticia
1,pasaje,VIRGEN DEL AUXILIO,virgen,advocación mariana o insti. religiosas,mujer ficticia
6,calle,VIRGEN DEL BUEN CONSEJO,virgen,advocación mariana o insti. religiosas,mujer ficticia
9,calle,VIRGEN DEL CARMEN,virgen,advocación mariana o insti. religiosas,mujer ficticia
2,plaza,VIRGEN DEL CARMEN,virgen,advocación mariana o insti. religiosas,mujer ficticia
6,calle,VIRGEN DEL GRAN PODER,virgen,advocación mariana o insti. religiosas,mujer ficticia
6,calle,VIRGEN DEL PERDÓN,virgen,advocación mariana o insti. religiosas,mujer ficticia
6,calle,VIRGEN DEL PERPETUO SOCORRO,virgen,advocación mariana o insti. religiosas,mujer ficticia
6,calle,VIRGEN DEL PILAR,virgen,advocación mariana o insti. religiosas,mujer ficticia
6,calle,VIRGEN DEL ROCÍO,virgen,advocación mariana o insti. religiosas,mujer ficticia
6,calle,VIRGEN DEL ROSARIO,virgen,advocación mariana o insti. religiosas,mujer ficticia
6,calle,VIRGEN DEL SAGRARIO,virgen,advocación mariana o insti. religiosas,mujer ficticia
6,calle,VIRGEN INMACULADA,virgen,advocación mariana o insti. religiosas,mujer ficticia
7,plaza,VIRGEN MEDIADORA,virgen,advocación mariana o insti. religiosas,mujer ficticia
2,carril,VIRGEN MILAGROSA,virgen,advocación mariana o insti. religiosas,mujer ficticia
2,plaza,VIRGEN MILAGROSA,virgen,advocación mariana o insti. religiosas,mujer ficticia
11,pasaje sin salida,VIRGINIA WOOLF,artes literarias,antropónimo,mujer real
1,calle,ZAMARRILLA,institución religiosa,advocación mariana o insti. religiosas,mujer ficticia
1,plaza,ZAMARRILLA,institución religiosa,advocación mariana o insti. religiosas,mujer ficticia
9,calle,ZULEMA,personaje de el quijote,personaje de ficción,mujer ficticia
